001.jpg,COVID-19
002.jpg,COVID-19
003.jpg,COVID-19
006.jpg,COVID-19
009.jpg,COVID-19
013.jpg,COVID-19
016.jpg,COVID-19
017.jpg,COVID-19
018.jpg,COVID-19
019.jpg,COVID-19
022.jpg,COVID-19
023.jpg,COVID-19
024.jpg,COVID-19
025.jpg,COVID-19
026.jpg,COVID-19
027.jpg,COVID-19
028.jpg,COVID-19
029.jpg,COVID-19
030.jpg,COVID-19
031.jpg,COVID-19
032.jpg,COVID-19
033.jpg,COVID-19
034.jpg,COVID-19
035.jpg,COVID-19
036.jpg,COVID-19
037.jpg,COVID-19
038.jpg,COVID-19
039.jpg,COVID-19
040.jpg,COVID-19
041.jpg,COVID-19
042.jpg,COVID-19
043.jpg,COVID-19
044.jpg,COVID-19
045.jpg,COVID-19
046.jpg,COVID-19
047.jpg,COVID-19
048.jpg,COVID-19
049.jpg,COVID-19
050.jpg,COVID-19
051.jpg,COVID-19
052.jpg,COVID-19
053.jpg,COVID-19
054.jpg,COVID-19
055.jpg,COVID-19
056.jpg,COVID-19
057.jpg,COVID-19
058.jpg,COVID-19
059.jpg,COVID-19
060.jpg,COVID-19
061.jpg,COVID-19
062.jpg,COVID-19
063.jpg,COVID-19
064.jpg,COVID-19
065.jpg,COVID-19
066.jpg,COVID-19
067.jpg,COVID-19
068.jpg,COVID-19
069.jpg,COVID-19
070.jpg,COVID-19
071.jpg,COVID-19
072.jpg,COVID-19
073.jpg,COVID-19
074.jpg,COVID-19
075.jpg,COVID-19
076.jpg,COVID-19
077.jpg,COVID-19
078.jpg,COVID-19
079.jpg,COVID-19
080.jpg,COVID-19
081.jpg,COVID-19
082.jpg,COVID-19
083.jpg,COVID-19
084.jpg,COVID-19
085.jpg,COVID-19
086.jpg,COVID-19
087.jpg,COVID-19
088.jpg,COVID-19
090.jpg,COVID-19
091.jpg,COVID-19
092.jpg,COVID-19
093.jpg,COVID-19
094.jpg,COVID-19
095.jpg,COVID-19
096.jpg,COVID-19
097.jpg,COVID-19
098.jpg,COVID-19
099.jpg,COVID-19
100.jpg,COVID-19
101.jpg,COVID-19
102.jpg,COVID-19
103.jpg,COVID-19
104.jpg,COVID-19
105.jpg,COVID-19
107.jpg,COVID-19
108.jpg,COVID-19
109.jpg,COVID-19
110.jpg,COVID-19
111.jpg,COVID-19
112.jpg,COVID-19
113.jpg,COVID-19
114.jpg,COVID-19
115.jpg,COVID-19
116.jpg,COVID-19
118.jpg,COVID-19
119.jpg,COVID-19
120.jpg,COVID-19
121.jpg,COVID-19
